{"cpu_time": 0.0, "wallclock_time": 0.04255485534667969, "evaluations": 0, "cost": 2147483648, "incumbent": ["batch_size='44'", "discount='0.5'", "entropy_regularization='0.5'", "learning_rate='9.999999999999991e-05'", "likelihood_ratio_clipping='0.5'", "n_units_1='31'", "n_units_2='31'"], "origin": "Sobol"}
{"cpu_time": 65.33152651786804, "wallclock_time": 65.50413775444031, "evaluations": 1, "cost": 3000.0, "incumbent": ["batch_size='44'", "discount='0.5'", "entropy_regularization='0.5'", "learning_rate='9.999999999999991e-05'", "likelihood_ratio_clipping='0.5'", "n_units_1='31'", "n_units_2='31'"], "origin": "Sobol"}
{"cpu_time": 216.94525241851807, "wallclock_time": 217.1973841190338, "evaluations": 3, "cost": 986.0, "incumbent": ["batch_size='18'", "discount='0.75'", "entropy_regularization='0.25'", "learning_rate='0.003162277660168382'", "likelihood_ratio_clipping='0.25'", "n_units_1='63'", "n_units_2='15'"], "origin": "Sobol"}
{"cpu_time": 11000.082435846329, "wallclock_time": 11002.649651288986, "evaluations": 64, "cost": 551.4, "incumbent": ["batch_size='11'", "discount='0.703125'", "entropy_regularization='0.171875'", "learning_rate='0.003924189758484535'", "likelihood_ratio_clipping='0.515625'", "n_units_1='55'", "n_units_2='13'"], "origin": "Sobol"}
{"cpu_time": 15191.91031575203, "wallclock_time": 15195.350963830948, "evaluations": 84, "cost": 490.6, "incumbent": ["batch_size='8'", "discount='0.796875'", "entropy_regularization='0.953125'", "learning_rate='0.0010746078283213173'", "likelihood_ratio_clipping='0.796875'", "n_units_1='103'", "n_units_2='60'"], "origin": "Sobol"}
{"cpu_time": 16672.609781742096, "wallclock_time": 16682.495446681976, "evaluations": 96, "cost": 378.6, "incumbent": ["batch_size='8'", "discount='0.7295181076000933'", "entropy_regularization='0.9728271104769496'", "learning_rate='0.0040227706034454535'", "likelihood_ratio_clipping='0.10221243505514721'", "n_units_1='123'", "n_units_2='14'"], "origin": "Random Search (sorted)"}
