{"ta_runs": 66, "n_configs": 55, "wallclock_time_used": 18264.734477758408, "ta_time_used": 18261.86136817932, "inc_changed": 3, "_n_configs_per_intensify": 66, "_n_calls_of_intensify": 22, "_ema_n_configs_per_intensifiy": 2.8970874418105383, "_EMA_ALPHA": 0.2}