{"cpu_time": 0.0, "wallclock_time": 0.03707122802734375, "evaluations": 0, "cost": 2147483648, "incumbent": {"batch_size": 44, "discount": 0.5, "entropy_regularization": 0.5, "learning_rate": 9.999999999999991e-05, "likelihood_ratio_clipping": 0.5, "n_units_1": 31, "n_units_2": 31}, "origin": "Sobol"}
{"cpu_time": 60.72103190422058, "wallclock_time": 60.84204053878784, "evaluations": 1, "cost": 3000.0, "incumbent": {"batch_size": 44, "discount": 0.5, "entropy_regularization": 0.5, "learning_rate": 9.999999999999991e-05, "likelihood_ratio_clipping": 0.5, "n_units_1": 31, "n_units_2": 31}, "origin": "Sobol"}
{"cpu_time": 190.1264786720276, "wallclock_time": 190.4113438129425, "evaluations": 3, "cost": 760.0, "incumbent": {"batch_size": 18, "discount": 0.75, "entropy_regularization": 0.25, "learning_rate": 0.003162277660168382, "likelihood_ratio_clipping": 0.25, "n_units_1": 63, "n_units_2": 15}, "origin": "Sobol"}
{"cpu_time": 15883.763711214066, "wallclock_time": 15886.256538152695, "evaluations": 58, "cost": 689.8, "incumbent": {"batch_size": 11, "discount": 0.703125, "entropy_regularization": 0.171875, "learning_rate": 0.003924189758484535, "likelihood_ratio_clipping": 0.515625, "n_units_1": 55, "n_units_2": 13}, "origin": "Sobol"}
